{
  "decision_tree": {
    "accuracy": 0.8987341772151899,
    "f1": 0.900863452400523,
    "auc": 0.7519774011299435
  },
  "random_forest": {
    "accuracy": 0.930379746835443,
    "f1": 0.8998754928408383,
    "auc": 0.7418886198547217
  },
  "logistic_regression": {
    "accuracy": 0.939873417721519,
    "f1": 0.9202723500093842,
    "auc": 0.8358353510895884
  }
}